B;B.1;B.1.1;B.1.1.7 1122521
B;B.1;B.1.617;B.1.617.2 169336
None 53535
B;B.1;B.1.2 114743
B;B.1;B.1.617;B.1.617.2;AY.71 1498
B;B.1;B.1.526 42691
B;B.1;B.1.1 55316
B;B.1;B.1.36 7072
B;B.1;B.1.9 163
B;B.1 106989
B;B.1;B.1.160 34358
B;B.1;B.1.236 549
B;B.1;B.1.617;B.1.617.2;AY.9 14832
B;B.1;B.1.617;B.1.617.2;AY.122 169118
B;B.1;B.1.617;B.1.617.2;AY.4 760373
B;B.1;B.1.617;B.1.617.2;AY.2 2877
B;B.1;B.1.617;B.1.617.2;AY.43 231723
B;B.1;B.1.617;B.1.617.2;AY.102 19485
B;B.1;B.1.617;B.1.617.2;AY.20 28907
B;B.1;B.1.617;B.1.617.2;AY.90 1795
B;B.1;B.1.617;B.1.617.2;AY.42 28506
B;B.1;B.1.222 599
B;B.1;B.1.617;B.1.617.2;AY.44 201101
A;A.27 605
B;B.1;B.1.525 9086
B;B.1;B.1.617;B.1.617.2;AY.100 25235
B;B.1;B.1.1;B.1.1.7;Q.1 7866
B;B.1;B.1.617;B.1.617.2;AY.39 50551
B;B.1;B.1.400 2366
B;B.1;B.1.597 228
B;B.1;B.1.617;B.1.617.2;AY.116 4534
B;B.1;B.1.617;B.1.617.2;AY.73 1259
B;B.1;B.1.617;B.1.617.2;AY.125 27637
B;B.1;B.1.617;B.1.617.2;AY.98;AY.98.1 25317
B;B.1;B.1.351;B.1.351.5 1652
B;B.1;B.1.617;B.1.617.2;AY.9;AY.9.2 28161
B;B.1;B.1.617;B.1.617.2;AY.5 49643
B;B.1;B.1.617;B.1.617.2;AY.124 8773
B;B.1;B.1.351 34364
B;B.1;B.1.524 813
B;B.1;B.1.629 432
B;B.1;B.1.1;B.1.1.1;C.16 958
B;B.1;B.1.619 1164
B;B.1;B.1.1;B.1.1.519 25183
B;B.1;B.1.214 116
B;B.1;B.1.214;B.1.214.2 1636
B;B.1;B.1.1;B.1.1.28;P.3 625
B;B.1;B.1.617;B.1.617.1 8093
B;B.1;B.1.1;B.1.1.28;P.1 64890
B;B.1;B.1.1;B.1.1.1;C.36 1102
B;B.1;B.1.1;B.1.1.375 90
B;B.1;B.1.137 5
B;B.1;B.1.1;B.1.1.1;C.35 1332
B;B.1;B.1.1;B.1.1.1;C.37 9018
B;B.1;B.1.617;B.1.617.2;AY.61 9170
B;B.1;B.1.1;B.1.1.372 1446
B;B.1;B.1.1;B.1.1.318 3482
B;B.1;B.1.617;B.1.617.2;AY.64 1659
B;B.1;B.1.617;B.1.617.2;AY.46;AY.46.6 21728
B;B.1;B.1.1;B.1.1.1 3043
B;B.1;B.1.620 1182
B;B.1;B.1.617;B.1.617.2;AY.91 1498
B;B.1;B.1.617;B.1.617.2;AY.38 1655
B;B.1;B.1.617;B.1.617.2;AY.5;AY.5.1 270
B;B.1;B.1.617;B.1.617.2;AY.94 2363
B;B.1;B.1.617;B.1.617.2;AY.34 13631
B;B.1;B.1.617;B.1.617.2;AY.87 1265
B;B.1;B.1.617;B.1.617.2;AY.36 9565
B;B.1;B.1.617;B.1.617.2;AY.29;AY.29.1 6105
B;B.1;B.1.177 76327
B;B.1;B.1.1;B.1.1.275 90
B;B.1;B.1.258;B.1.258.20 63
B;B.1;B.1.177;B.1.177.32 741
B;B.1;B.1.177;B.1.177.52 570
A;A.30 5
B;B.1;B.1.1;B.1.1.7;Q.7 908
A;A.21 402
B;B.1;B.1.214;B.1.214.3 148
B;B.1;B.1.1;B.1.1.7;Q.4 3322
B;B.1;B.1.427 20335
B;B.1;B.1.617;B.1.617.2;AY.26 38585
B;B.1;B.1.617;B.1.617.2;AY.47 35328
B;B.1;B.1.617;B.1.617.2;AY.114 5670
B 9509
A 2762
B;B.1;B.1.617;B.1.617.2;AY.98 35121
B;B.1;B.1.617;B.1.617.2;AY.25 209666
B;B.1;B.1.617;B.1.617.2;AY.75 26466
B;B.1;B.1.617;B.1.617.2;AY.119 37927
B;B.1;B.1.575 3185
B;B.1;B.1.429 43673
B;B.1;B.1.617;B.1.617.2;AY.103 214360
B;B.1;B.1.617;B.1.617.2;AY.35 4760
B;B.1;B.1.617;B.1.617.2;AY.89 965
B;B.1;B.1.617;B.1.617.2;AY.122;AY.122.1 16072
B;B.1;B.1.617;B.1.617.2;AY.49 224
B;B.1;B.1.617;B.1.617.2;AY.88 2669
B;B.1;B.1.220 96
B;B.1;B.1.1;B.1.1.28;P.2 5461
B;B.1;B.1.1;B.1.1.33;N.3 175
B;B.1;B.1.499 979
B;B.1;B.1.1;B.1.1.33;N.5 598
B;B.1;B.1.1;B.1.1.348 1294
B;B.1;B.1.36;B.1.36.1 869
B;B.1;B.1.1;B.1.1.1;C.26 139
B;B.1;B.1.1;B.1.1.10;L.3 281
B;B.1;B.1.1;B.1.1.33;N.9 170
B;B.1;B.1.1;B.1.1.28;P.7 228
B;B.1;B.1.1;B.1.1.28;P.1;P.1.17 6196
B;B.1;B.1.1;B.1.1.33 2390
A;A.2;A.2.5;A.2.5.2 642
B;B.1;B.1.1;B.1.1.28 3252
B;B.1;B.1.1;B.1.1.28;P.1;P.1.15 4580
B;B.1;B.1.1;B.1.1.28;P.1;P.1.14 21075
B;B.1;B.1.1;B.1.1.307 406
B;B.1;B.1.1;B.1.1.28;P.1;P.1.2 950
B;B.1;B.1.1;B.1.1.28;P.1;P.1.1 3136
B;B.1;B.1.1;B.1.1.442 48
B;B.1;B.1.1;B.1.1.135 222
B;B.1;B.1.1;B.1.1.28;P.1;P.1.12 2076
B;B.1;B.1.1;B.1.1.28;P.1;P.1.7 3446
B;B.1;B.1.600 150
B;B.1;B.1.1;B.1.1.28;P.1;P.1.10 3800
A;A.2;A.2.5 2070
B;B.1;B.1.1;B.1.1.128 152
B;B.1;B.1.1;B.1.1.28;P.1;P.1.13 1196
B;B.1;B.1.336 435
B;B.1;B.1.617;B.1.617.2;AY.54 20458
B;B.1;B.1.617;B.1.617.2;AY.9;AY.9.1 13695
B;B.1;B.1.617;B.1.617.2;AY.45 7644
B;B.1;B.1.617;B.1.617.2;AY.6 26574
B;B.1;B.1.617;B.1.617.2;AY.23 14226
B;B.1;B.1.617;B.1.617.2;AY.3 121430
B;B.1;B.1.617;B.1.617.2;AY.97 693
B;B.1;B.1.617;B.1.617.2;AY.33 18646
B;B.1;B.1.617;B.1.617.2;AY.70 5164
B;B.1;B.1.617;B.1.617.2;AY.24 2509
B;B.1;B.1.617;B.1.617.2;AY.75;AY.75.2 359
B;B.1;B.1.617;B.1.617.2;AY.121 10840
B;B.1;B.1.621 11885
B;B.1;B.1.617;B.1.617.2;AY.32 1767
B;B.1;B.1.617;B.1.617.2;AY.29 80547
B;B.1;B.1.617;B.1.617.2;AY.108 1354
B;B.1;B.1.617;B.1.617.2;AY.118 18469
B;B.1;B.1.617;B.1.617.2;AY.46 19206
B;B.1;B.1.617;B.1.617.2;AY.101 3366
B;B.1;B.1.617;B.1.617.2;AY.113 10238
B;B.1;B.1.617;B.1.617.2;AY.46;AY.46.3 1314
B;B.1;B.1.617;B.1.617.2;AY.99;AY.99.2 17006
B;B.1;B.1.617;B.1.617.2;AY.3;AY.3.1 13219
B;B.1;B.1.617;B.1.617.2;AY.117 11856
B;B.1;B.1.1;B.1.1.1;C.37;C.37.1 341
B;B.1;B.1.1;B.1.1.529;BA.1 2142
B;B.1;B.1.1;B.1.1.1;C.22 14
B;B.1;B.1.1;B.1.1.117 113
B;B.1;B.1.111 859
B;B.1;B.1.104 264
B;B.1;B.1.1;B.1.1.28;P.1;P.1.16 2670
B;B.1;B.1.1;B.1.1.274 196
B;B.40 2753
B;B.1;B.1.498 49
B;B.1;B.1.503 404
B;B.1;B.1.258 15355
B;B.1;B.1.8 707
A;A.1 3570
B;B.1;B.1.110 244
B;B.1;B.1.212 61
B;B.1;B.1.1;B.1.1.1;C.11 94
B;B.37 34
B;B.1;B.1.243 14725
B;B.1;B.1.1;B.1.1.192 437
B;B.1;B.1.1;B.1.1.269 744
B;B.1;B.1.617;B.1.617.2;AY.105 969
XB 3032
B;B.1;B.1.1;B.1.1.409 383
B;B.1;B.1.1;B.1.1.222 5105
B;B.1;B.1.433 383
B;B.4 447
B;B.1;B.1.1;B.1.1.163 129
B;B.1;B.1.617;B.1.617.2;AY.110 6642
B;B.1;B.1.617;B.1.617.2;AY.78 1664
B;B.1;B.1.177;B.1.177.73 1673
B;B.1;B.1.1;B.1.1.10 932
B;B.1;B.1.1;B.1.1.419 134
B;B.1;B.1.1;B.1.1.203 57
B;B.1;B.1.1;B.1.1.16 20
B;B.1;B.1.240;B.1.240.1 40
B;B.1;B.1.1;B.1.1.231 325
B;B.1;B.1.623 1847
B;B.1;B.1.1;B.1.1.1;C.2;C.2.1 151
B;B.1;B.1.177;B.1.177.53;W.1 115
B;B.1;B.1.409 1303
B;B.1;B.1.189 232
B;B.1;B.1.177;B.1.177.81 5291
B;B.1;B.1.240 4745
B;B.1;B.1.588 1120
B;B.1;B.1.1;B.1.1.316;R.1 10995
B;B.1;B.1.637 13771
B;B.1;B.1.221 14058
B;B.1;B.1.576 899
B;B.1;B.1.349 1396
B;B.1;B.1.177;B.1.177.62 837
B;B.1;B.1.561 2525
B;B.1;B.1.625 452
B;B.1;B.1.1;B.1.1.28;P.1;P.1.10;P.1.10.1 83
B;B.1;B.1.621;B.1.621.1 2053
B;B.1;B.1.617;B.1.617.2;AY.53 3443
B;B.1;B.1.617;B.1.617.2;AY.66 1822
B;B.1;B.1.617;B.1.617.2;AY.62 2704
B;B.1;B.1.617;B.1.617.2;AY.14 12126
B;B.1;B.1.617;B.1.617.2;AY.120 28476
B;B.1;B.1.617;B.1.617.2;AY.39;AY.39.1 28669
B;B.1;B.1.617;B.1.617.2;AY.93 3768
B;B.1;B.1.617;B.1.617.2;AY.4;AY.4.2 81711
B;B.1;B.1.617;B.1.617.2;AY.5;AY.5.2 479
A;A.2;A.2.2 592
B;B.1;B.1.319 328
B;B.4;B.4.4 54
B;B.61 177
B;B.35 128
B;B.1;B.1.356 579
B;B.1;B.1.83 64
B;B.28 310
B;B.6 1096
B;B.55 367
B;B.29 282
B;B.1;B.1.523 433
B;B.1;B.1.1;B.1.1.25;D.2 13341
B;B.1;B.1.1;B.1.1.263 644
B;B.1;B.1.1;B.1.1.25 1881
B;B.1;B.1.617;B.1.617.2;AY.39;AY.39.1;AY.39.1.1 3271
B;B.1;B.1.617;B.1.617.2;AY.30 3031
B;B.1;B.1.617;B.1.617.2;AY.107 2709
B;B.1;B.1.617;B.1.617.2;AY.23;AY.23.1 2648
B;B.1;B.1.617;B.1.617.2;AY.83 611
B;B.1;B.1.617;B.1.617.2;AY.7;AY.7.1 9542
B;B.1;B.1.617;B.1.617.2;AY.4;AY.4.3 1577
B;B.1;B.1.617;B.1.617.2;AY.57 2146
B;B.1;B.1.466;B.1.466.2 2672
B;B.1;B.1.1;B.1.1.416 1119
B;B.1;B.1.541 228
B;B.1;B.1.596 11829
B;B.1;B.1.1;B.1.1.7;Q.8 5403
B;B.1;B.1.177;B.1.177.48 320
B;B.1;B.1.36;B.1.36.17 2075
B;B.1;B.1.1;B.1.1.317 2543
A;A.29 224
B;B.1;B.1.466;B.1.466.2;AU.3 481
B;B.1;B.1.351;B.1.351.3 1228
B;B.1;B.1.617;B.1.617.2;AY.40 1217
B;B.1;B.1.617;B.1.617.2;AY.84 1918
B;B.1;B.1.517;B.1.517.1 188
B;B.1;B.1.617;B.1.617.2;AY.37 3566
B;B.1;B.1.617;B.1.617.2;AY.82 727
B;B.1;B.1.617;B.1.617.2;AY.99 1202
B;B.1;B.1.617;B.1.617.2;AY.4;AY.4.5 12113
B;B.1;B.1.617;B.1.617.2;AY.28 761
B;B.1;B.1.617;B.1.617.2;AY.92 3126
B;B.4;B.4.6 60
A;A.2 1530
B;B.1;B.1.1;B.1.1.161 328
A;A.5 527
B;B.1;B.1.1;B.1.1.70 3006
B;B.1;B.1.1;B.1.1.133 117
B;B.1;B.1.552 67
B;B.1;B.1.1;B.1.1.216 1168
B;B.1;B.1.36;B.1.36.19 112
B;B.1;B.1.595 3822
B;B.1;B.1.1;B.1.1.432 774
B;B.1;B.1.556 133
B;B.39 430
B;B.1;B.1.1;B.1.1.190 20
B;B.1;B.1.320 807
B;B.1;B.1.178 40
B;B.3 1201
B;B.1;B.1.1;B.1.1.89 169
B;B.1;B.1.415 71
B;B.1;B.1.234 7653
B;B.1;B.1.13 420
B;B.26 70
B;B.1;B.1.391 874
B;B.1;B.1.564 2448
A;A.3 483
B;B.1;B.1.177;B.1.177.12 6591
B;B.1;B.1.398 345
B;B.1;B.1.1;B.1.1.315 128
B;B.31 269
B;B.1;B.1.36;B.1.36.29 2590
B;B.1;B.1.1;B.1.1.418 52
B;B.1;B.1.627 480
B;B.6;B.6.5 13
B;B.1;B.1.416 770
B;B.1;B.1.1;B.1.1.1;C.36;C.36.3 1782
B;B.1;B.1.617;B.1.617.2;AY.106 3836
B;B.1;B.1.617;B.1.617.2;AY.74 10253
B;B.1;B.1.36;B.1.36.38 630
B;B.1;B.1.1;B.1.1.254 101
B;B.1;B.1.1;B.1.1.189 621
B;B.1;B.1.36;B.1.36.8 1035
B;B.1;B.1.1;B.1.1.284 9494
B;B.1;B.1.1;B.1.1.389 157
B;B.1;B.1.1;B.1.1.431 64
B;B.1;B.1.426 1003
B;B.1;B.1.36;B.1.36.36 1661
B;B.1;B.1.9;B.1.9.5 158
B;B.4;B.4.8 14
B;B.1;B.1.1;B.1.1.46 229
B;B.1;B.1.1;B.1.1.353 70
B;B.1;B.1.258;B.1.258.9 202
B;B.1;B.1.459 302
B;B.1;B.1.564;B.1.564.1 672
B;B.1;B.1.1;B.1.1.243 247
B;B.1;B.1.177;B.1.177.87 1380
B;B.1;B.1.1;B.1.1.312 485
B;B.1;B.1.177;B.1.177.57 3568
B;B.1;B.1.1;B.1.1.39 1951
B;B.1;B.1.36;B.1.36.10 212
B;B.1;B.1.237 224
B;B.1;B.1.1;B.1.1.344 95
B;B.1;B.1.1;B.1.1.231;AL.1 77
B;B.1;B.1.1;B.1.1.214 18127
B;B.1;B.1.177;B.1.177.44 1905
B;B.1;B.1.568 905
B;B.1;B.1.170 247
B;B.1;B.1.596;B.1.596.1 103
B;B.1;B.1.438;B.1.438.1 9389
B;B.1;B.1.177;B.1.177.86 5452
B;B.1;B.1.470 847
B;B.1;B.1.1;B.1.1.159 217
B;B.1;B.1.1;B.1.1.420 989
B;B.1;B.1.298 489
B;B.1;B.1.146 232
B;B.1;B.1.452 76
B;B.1;B.1.241 1283
B;B.1;B.1.517 2344
B;B.1;B.1.36;B.1.36.31 597
B;B.1;B.1.465 265
B;B.1;B.1.1;B.1.1.71 165
B;B.1;B.1.384 340
B;B.1;B.1.428 1031
B;B.58 98
B;B.1;B.1.23 168
B;B.1;B.1.1;B.1.1.198 672
B;B.1;B.1.108 174
A;A.19 110
B;B.1;B.1.1;B.1.1.77 24
B;B.1;B.1.260 231
B;B.1;B.1.1;B.1.1.413 159
B;B.4;B.4.7 99
B;B.1;B.1.530 158
B;B.1;B.1.311 3565
B;B.1;B.1.338 129
B;B.1;B.1.438 144
B;B.1;B.1.617;B.1.617.2;AY.65 2075
B;B.5 26
B;B.1;B.1.434 17
B;B.1;B.1.1;B.1.1.306 2350
B;B.1;B.1.113 62
B;B.1;B.1.617;B.1.617.2;AY.69 7103
B;B.1;B.1.617;B.1.617.2;AY.67 2087
B;B.1;B.1.617;B.1.617.2;AY.4;AY.4.1 1435
B;B.1;B.1.177;B.1.177.7 5979
B;B.1;B.1.177;B.1.177.60 5128
B;B.1;B.1.1;B.1.1.294 766
B;B.6;B.6.8 121
B;B.1;B.1.369 3515
B;B.1;B.1.153 53
B;B.1;B.1.157 207
B;B.1;B.1.565 1255
B;B.1;B.1.22 822
B;B.1;B.1.225 65
B;B.1;B.1.469 274
B;B.1;B.1.1;B.1.1.63 2616
B;B.1;B.1.1;B.1.1.368 330
B;B.1;B.1.480 401
B;B.1;B.1.466;B.1.466.2;AU.1 800
B;B.1;B.1.466;B.1.466.1 141
B;B.1;B.1.1;B.1.1.523 646
B;B.1;B.1.617;B.1.617.2;AY.16 2838
B;B.1;B.1.617;B.1.617.2;AY.1 2603
B;B.1;B.1.617;B.1.617.2;AY.46;AY.46.4 4933
B;B.1;B.1.617;B.1.617.2;AY.115 185
B;B.1;B.1.617;B.1.617.2;AY.76 342
B;B.1;B.1.617;B.1.617.2;AY.13 6016
B;B.1;B.1.617;B.1.617.2;AY.52 1291
B;B.1;B.1.1;B.1.1.529;BA.2 7
B;B.53 85
B;B.1;B.1.252 151
B;B.1;B.1.201 178
B;B.1;B.1.1;B.1.1.369 2241
B;B.1;B.1.1;B.1.1.1;C.8 249
B;B.1;B.1.91 485
B;B.1;B.1.1;B.1.1.37 5234
B;B.1;B.1.1;B.1.1.1;C.2 64
A;A.23;A.23.1 1426
B;B.1;B.1.1;B.1.1.186 302
B;B.1;B.1.617;B.1.617.2;AY.111 6719
B;B.1;B.1.617;B.1.617.2;AY.59 2492
B;B.1;B.1.617;B.1.617.2;AY.116;AY.116.1 3553
B;B.1;B.1.1;B.1.1.164 196
B;B.1;B.1.1;B.1.1.25;D.3 168
B;B.6;B.6.6 1130
B;B.4;B.4.5 84
B;B.1;B.1.1;B.1.1.8 284
B;B.1;B.1.413 237
B;B.1;B.1.164 67
B;B.1;B.1.210 449
B;B.1;B.1.36;B.1.36.16 726
B;B.1;B.1.1;B.1.1.383 16
B;B.1;B.1.411 311
B;B.1;B.1.1;B.1.1.136 47
B;B.1;B.1.1;B.1.1.397 466
B;B.1;B.1.36;B.1.36.7 251
B;B.1;B.1.1;B.1.1.434 2870
B;B.1;B.1.1;B.1.1.318;AZ.2 1222
B;B.1;B.1.617;B.1.617.2;AY.95 1780
B;B.1;B.1.1;B.1.1.412 131
B;B.1;B.1.617;B.1.617.2;AY.19 459
B;B.1;B.1.335 220
B;B.1;B.1.36;B.1.36.24 160
B;B.1;B.1.313 159
B;B.1;B.1.1;B.1.1.75 94
B;B.1;B.1.471 388
A;A.25 54
B;B.1;B.1.617;B.1.617.2;AY.39;AY.39.2 1163
B;B.1;B.1.6 58
B;B.1;B.1.264 81
B;B.1;B.1.39 258
B;B.1;B.1.314 133
B;B.52 100
B;B.1;B.1.1;B.1.1.401 20
B;B.1;B.1.333 96
B;B.1;B.1.1;B.1.1.142 52
B;B.1;B.1.535 35
B;B.1;B.1.428;B.1.428.3 84
B;B.1;B.1.1;B.1.1.464 703
B;B.1;B.1.441 107
B;B.1;B.1.36;B.1.36.33 143
B;B.1;B.1.405 96
B;B.15 57
B;B.1;B.1.355 96
B;B.1;B.1.177;B.1.177.33 616
B;B.1;B.1.1;B.1.1.354 352
B;B.1;B.1.177;B.1.177.39 65
B;B.1;B.1.609 2107
B;B.1;B.1.527 273
B;B.1;B.1.258;B.1.258.6 49
B;B.1;B.1.177;B.1.177.4 4733
B;B.1;B.1.1;B.1.1.141 500
B;B.1;B.1.1;B.1.1.266 82
B;B.1;B.1.1;B.1.1.279 905
B;B.1;B.1.521 200
B;B.1;B.1.1;B.1.1.371 98
B;B.1;B.1.1;B.1.1.5 117
B;B.1;B.1.291 53
B;B.1;B.1.177;B.1.177.67 131
B;B.1;B.1.1;B.1.1.153 919
B;B.1;B.1.560 1649
B;B.1;B.1.36;B.1.36.22 836
B;B.1;B.1.332 286
B;B.1;B.1.617;B.1.617.2;AY.4;AY.4.2;AY.4.2.1 12678
B;B.1;B.1.617;B.1.617.2;AY.5;AY.5.4 4341
B;B.1;B.1.617;B.1.617.2;AY.41 3438
B;B.1;B.1.258;B.1.258.17 9708
B;B.1;B.1.1;B.1.1.331 86
B;B.1;B.1.510 40
B;B.1;B.1.360 84
B;B.1;B.1.513 72
B;B.11 237
B;B.1;B.1.1;B.1.1.319 46
B;B.1;B.1.1;B.1.1.113 143
B;B.1;B.1.224 51
B;B.1;B.1.93 1075
B;B.1;B.1.1;B.1.1.271 18
B;B.1;B.1.1;B.1.1.323 72
B;B.1;B.1.1;B.1.1.370;AT.1 179
B;B.1;B.1.1;B.1.1.232 558
B;B.1;B.1.617;B.1.617.2;AY.68 3026
B;B.1;B.1.617;B.1.617.2;AY.60 1074
B;B.1;B.1.617;B.1.617.2;AY.7 5277
B;B.1;B.1.1;B.1.1.47 187
B;B.1;B.1.617;B.1.617.2;AY.120;AY.120.2;AY.120.2.1 2119
B;B.1;B.1.367 1201
B;B.1;B.1.213 67
B;B.1;B.1.389 877
B;B.1;B.1.1;B.1.1.433 710
B;B.1;B.1.617;B.1.617.2;AY.50 2771
B;B.1;B.1.617;B.1.617.2;AY.112 79
B;B.1;B.1.617;B.1.617.2;AY.4;AY.4.4 2946
B;B.1;B.1.149 295
B;B.1;B.1.1;B.1.1.170 806
B;B.1;B.1.177;B.1.177.50 242
B;B.1;B.1.177;B.1.177.23 311
B;B.1;B.1.1;B.1.1.521 179
B;B.1;B.1.617;B.1.617.2;AY.123 1349
B;B.1;B.1.1;B.1.1.219 207
B;B.1;B.1.617;B.1.617.2;AY.85 3160
B;B.1;B.1.177;B.1.177.43 668
B;B.1;B.1.1;B.1.1.347 54
B;B.1;B.1.177;B.1.177.75 978
B;B.1;B.1.617;B.1.617.2;AY.5;AY.5.3 2394
B;B.1;B.1.617;B.1.617.2;AY.7;AY.7.2 1882
B;B.1;B.1.258;B.1.258.14 1031
B;B.1;B.1.617;B.1.617.2;AY.77 997
B;B.1;B.1.1;B.1.1.234 82
B;B.1;B.1.160;B.1.160.22 148
B;B.1;B.1.617;B.1.617.2;AY.46;AY.46.2 1577
B;B.1;B.1.177;B.1.177.38 96
B;B.1;B.1.1;B.1.1.404 64
B;B.1;B.1.160;B.1.160.31 122
B;B.1;B.1.617;B.1.617.2;AY.55 888
B;B.1;B.1.617;B.1.617.2;AY.22 564
B;B.1;B.1.1;B.1.1.277 1379
B;B.1;B.1.617;B.1.617.2;AY.120;AY.120.2 873
B;B.1;B.1.408 588
B;B.1;B.1.1;B.1.1.1;C.30 578
B;B.1;B.1.1;B.1.1.415 20
B;B.1;B.1.617;B.1.617.2;AY.43;AY.43.4 1748
B;B.1;B.1.177;B.1.177.77 1383
B;B.1;B.1.1;B.1.1.373 42
B;B.1;B.1.617;B.1.617.2;AY.51 1243
B;B.1;B.1.264;B.1.264.1 22
B;B.1;B.1.218 193
B;B.1;B.1.177;B.1.177.84 149
B;B.1;B.1.160;B.1.160.16 1102
B;B.1;B.1.160;B.1.160.28 352
B;B.1;B.1.177;B.1.177.15;AA.1 133
B;B.1;B.1.1;B.1.1.428 108
B;B.1;B.1.258;B.1.258.16 611
B;B.1;B.1.1;B.1.1.305;AF.1 26
B;B.1;B.1.177;B.1.177.56 1498
B;B.1;B.1.1;B.1.1.1;C.39 49
B;B.1;B.1.1;B.1.1.144 36
B;B.1;B.1.1;B.1.1.374 424
B;B.1;B.1.160;B.1.160.26 417
B;B.1;B.1.36;B.1.36.23 67
B;B.1;B.1.1;B.1.1.1;C.38 128
B;B.1;B.1.1;B.1.1.449 44
B;B.1;B.1.1;B.1.1.200 147
B;B.1;B.1.1;B.1.1.525 153
B;B.1;B.1.617;B.1.617.2;AY.99;AY.99.1 941
B;B.1;B.1.1;B.1.1.137 78
B;B.1;B.1.94 50
B;B.1;B.1.378 114
B;B.1;B.1.1;B.1.1.306;AE.2 17
B;B.1;B.1.281 42
B;B.1;B.1.1;B.1.1.306;AE.4 22
B;B.1;B.1.617;B.1.617.2;AY.80 1228
B;B.1;B.1.617;B.1.617.2;AY.104 485
B;B.1;B.1.617;B.1.617.2;AY.46;AY.46.5 6433
B;B.1;B.1.617;B.1.617.2;AY.11 757
B;B.1;B.1.1;B.1.1.306;AE.6 24
B;B.1;B.1.1;B.1.1.306;AE.7 12
B;B.1;B.1.1;B.1.1.326 596
B;B.1;B.1.1;B.1.1.27 178
A;A.28 381
B;B.1;B.1.617;B.1.617.2;AY.48 1814
B;B.4;B.4.2 15
B;B.1;B.1.199 209
B;B.1;B.1.159 82
B;B.1;B.1.351;B.1.351.2 3485
B;B.1;B.1.1;B.1.1.175 15
B;B.1;B.1.1;B.1.1.59 156
B;B.1;B.1.1;B.1.1.12 134
B;B.1;B.1.617;B.1.617.2;AY.10 1539
B;B.1;B.1.617;B.1.617.2;AY.86 1037
B;B.1;B.1.1;B.1.1.25;D.5 207
B;B.1;B.1.1;B.1.1.387 26
B;B.1;B.1.617;B.1.617.2;AY.58 1180
B;B.1;B.1.350 341
B;B.57 66
B;B.1;B.1.1;B.1.1.422 22
B;B.1;B.1.466 44
B;B.1;B.1.321 29
B;B.1;B.1.1;B.1.1.1;C.1 437
B;B.1;B.1.160;B.1.160.9 137
B;B.1;B.1.177;B.1.177.74 66
B;B.1;B.1.177;B.1.177.40 211
B;B.1;B.1.147 1321
B;B.1;B.1.1;B.1.1.7;Q.3 7035
B;B.1;B.1.617;B.1.617.2;AY.72 1135
B;B.1;B.1.1;B.1.1.1;C.36;C.36.3;C.36.3.1 370
B;B.1;B.1.617;B.1.617.2;AY.8 1646
B;B.1;B.1.177;B.1.177.8 1331
B;B.1;B.1.221;B.1.221.1 345
B;B.1;B.1.617;B.1.617.2;AY.120;AY.120.1 3523
B;B.1;B.1.617;B.1.617.2;AY.96 907
B;B.1;B.1.617;B.1.617.2;AY.43;AY.43.2 866
B;B.1;B.1.617;B.1.617.2;AY.43;AY.43.1 727
B;B.1;B.1.258;B.1.258.11 2508
B;B.1;B.1.1;B.1.1.297 446
B;B.1;B.1.221;B.1.221.4 240
B;B.1;B.1.177;B.1.177.10 1141
B;B.1;B.1.1;B.1.1.522 54
B;B.1;B.1.1;B.1.1.528 147
B;B.1;B.1.1;B.1.1.28;P.1;P.1.9 223
B;B.1;B.1.617;B.1.617.2;AY.109 1930
B;B.1;B.1.12 126
B;B.1;B.1.1;B.1.1.436 39
B;B.38 42
B;B.1;B.1.1;B.1.1.221 108
B;B.1;B.1.1;B.1.1.28;P.1;P.1.17;P.1.17.1 1149
B;B.1;B.1.619;B.1.619.1 1561
B;B.1;B.1.617;B.1.617.2;AY.43;AY.43.3 1362
B;B.1;B.1.343 49
B;B.1;B.1.9;B.1.9.3 26
B;B.1;B.1.177;B.1.177.53;W.2 207
B;B.1;B.1.151 90
B;B.1;B.1.223 362
B;B.1;B.1.617;B.1.617.2;AY.91;AY.91.1 255
B;B.1;B.1.1;B.1.1.325 39
B;B.1;B.1.1;B.1.1.241 474
B;B.1;B.1.177;B.1.177.53 426
B;B.1;B.1.1;B.1.1.483 25
B;B.1;B.1.456 354
B;B.1;B.1.160;B.1.160.14 490
B;B.1;B.1.190 96
B;B.1;B.1.375 1199
B;B.1;B.1.617;B.1.617.2;AY.46;AY.46.1 1065
B;B.1;B.1.1;B.1.1.318;AZ.5 287
B;B.1;B.1.1;B.1.1.7;Q.6 152
B;B.1;B.1.640 179
B;B.1;B.1.211 39
B;B.1;B.1.1;B.1.1.398 357
B;B.1;B.1.1;B.1.1.10;L.2 88
B;B.1;B.1.1;B.1.1.50 1484
B;B.1;B.1.1;B.1.1.122 23
B;B.1;B.1.219 109
B;B.1;B.1.177;B.1.177.37 37
B;B.1;B.1.1;B.1.1.351 360
B;B.1;B.1.160;B.1.160.20 113
B;B.1;B.1.474 520
B;B.1;B.1.160;B.1.160.8 776
B;B.1;B.1.177;B.1.177.15 1597
B;B.1;B.1.177;B.1.177.2 220
B;B.1;B.1.258;B.1.258.21 127
B;B.1;B.1.1;B.1.1.429 218
B;B.1;B.1.247 129
B;B.1;B.1.177;B.1.177.59 62
A;A.2;A.2.5;A.2.5.3 98
B;B.1;B.1.617;B.1.617.2;AY.79 1150
B;B.36 14
B;B.1;B.1.1;B.1.1.44 415
B;B.1;B.1.1;B.1.1.500 55
B;B.1;B.1.562 55
B;B.1;B.1.206 1272
B;B.1;B.1.160;B.1.160.33 231
B;B.1;B.1.277 42
B;B.1;B.1.1;B.1.1.218 135
B;B.1;B.1.1;B.1.1.240 218
B;B.1;B.1.1;B.1.1.162 34
B;B.1;B.1.1;B.1.1.204 330
B;B.1;B.1.1;B.1.1.200;AN.1 51
B;B.1;B.1.1;B.1.1.355 66
B;B.1;B.1.179 273
B;B.1;B.1.617;B.1.617.2;AY.63 2556
B;B.1;B.1.630 167
B;B.1;B.1.626 177
B;B.1;B.1.177;B.1.177.35 1670
B;B.1;B.1.177;B.1.177.72 295
B;B.1;B.1.78 115
B;B.1;B.1.160;B.1.160.30 325
B;B.1;B.1.1;B.1.1.349 97
B;B.1;B.1.382 109
B;B.1;B.1.1;B.1.1.194 201
B;B.1;B.1.631 376
B;B.1;B.1.636 170
B;B.1;B.1.1;B.1.1.482;AV.1 204
B;B.1;B.1.1;B.1.1.318;AZ.3 663
B;B.1;B.1.558 228
B;B.1;B.1.580 221
B;B.1;B.1.1;B.1.1.438 20
B;B.1;B.1.351;B.1.351.1 20
B;B.1;B.1.1;B.1.1.220 260
B;B.1;B.1.1;B.1.1.54 321
B;B.1;B.1.36;B.1.36.35 984
A;A.23 97
B;B.1;B.1.635 70
B;B.1;B.1.604 72
B;B.1;B.1.1;B.1.1.1;C.1;C.1.2 296
B;B.1;B.1.1;B.1.1.448 520
B;B.1;B.1.617;B.1.617.2;AY.34;AY.34.1 1311
B;B.1;B.1.1;B.1.1.28;P.1;P.1.4 1032
B;B.1;B.1.1;B.1.1.28;P.1;P.1.11 105
B;B.1;B.1.397 214
B;B.1;B.1.1;B.1.1.28;P.1;P.1.8 240
B;B.1;B.1.195 209
B;B.1;B.1.1;B.1.1.378 116
B;B.1;B.1.1;B.1.1.28;P.1;P.1.3 29
B;B.1;B.1.1;B.1.1.28;P.1;P.1.6 519
B;B.1;B.1.1;B.1.1.28;P.1;P.1.5 12
B;B.1;B.1.1;B.1.1.393 13
B;B.1;B.1.160;B.1.160.25 108
B;B.1;B.1.1;B.1.1.33;N.10 36
B;B.1;B.1.1;B.1.1.1;C.14 230
B;B.1;B.1.1;B.1.1.33;N.1 43
B;B.1;B.1.1;B.1.1.28;P.4 264
B;B.1;B.1.1;B.1.1.28;P.5 76
B;B.1;B.1.581 111
B;B.1;B.1.1;B.1.1.332 32
B;B.1;B.1.1;B.1.1.376 170
B;B.1;B.1.1;B.1.1.33;N.4 238
B;B.1;B.1.547 41
B;B.1;B.1.1;B.1.1.462 113
B;B.1;B.1.1;B.1.1.45 69
B;B.1;B.1.1;B.1.1.171 274
B;B.1;B.1.1;B.1.1.402 86
B;B.1;B.1.173 38
B;B.1;B.1.1;B.1.1.74 250
B;B.1;B.1.362 633
B;B.1;B.1.1;B.1.1.356 112
B;B.1;B.1.1;B.1.1.33;N.7 40
B;B.1;B.1.1;B.1.1.97 37
B;B.1;B.1.407 29
B;B.1;B.1.167 127
B;B.1;B.1.582 2058
B;B.1;B.1.1;B.1.1.33;N.6 142
B;B.1;B.1.1;B.1.1.333 927
B;B.1;B.1.324 611
B;B.1;B.1.1;B.1.1.382 29
B;B.1;B.1.1;B.1.1.28;P.6 315
B;B.23 338
B;B.1;B.1.1;B.1.1.208 83
B;B.1;B.1.617;B.1.617.2;AY.56 607
B;B.1;B.1.1;B.1.1.83 372
B;B.6;B.6.1 38
B;B.1;B.1.1;B.1.1.301 850
B;B.1;B.1.143 49
B;B.1;B.1.188 82
B;B.1;B.1.1;B.1.1.273 152
B;B.1;B.1.88;B.1.88.1 208
B;B.1;B.1.617;B.1.617.2;AY.21 400
B;B.1;B.1.1;B.1.1.187 112
B;B.1;B.1.1;B.1.1.311 2798
A;A.18 19
B;B.1;B.1.388 11
B;B.1;B.1.544 164
B;B.1;B.1.1;B.1.1.359 35
B;B.1;B.1.538 145
B;B.1;B.1.1;B.1.1.306;AE.1 96
B;B.1;B.1.1;B.1.1.1;C.36;C.36.1 249
A;A.11 17
B;B.1;B.1.482 12
B;B.1;B.1.1;B.1.1.174 278
B;B.1;B.1.1;B.1.1.169 57
B;B.1;B.1.603 98
A;A.6 195
B;B.1;B.1.468 186
B;B.1;B.1.462 37
B;B.1;B.1.432 94
B;B.1;B.1.563 65
B;B.1;B.1.110;B.1.110.3 1376
B;B.1;B.1.274 84
B;B.1;B.1.279 1942
B;B.1;B.1.308 29
B;B.32 37
B;B.1;B.1.422 1240
A;A.4 78
B;B.1;B.1.1;B.1.1.207 939
B;B.1;B.1.577 1464
B;B.1;B.1.587 536
B;B.1;B.1.1;B.1.1.306;AE.8 2046
B;B.1;B.1.36;B.1.36.18 2410
B;B.1;B.1.128 1571
B;B.1;B.1.1;B.1.1.1;C.34 27
B;B.1;B.1.1;B.1.1.318;AZ.6 109
B;B.1;B.1.617;B.1.617.2;AY.27 20540
B;B.1;B.1.1;B.1.1.216;AM.4 281
B;B.1;B.1.395 142
B;B.1;B.1.1;B.1.1.403 38
B;B.1;B.1.617;B.1.617.2;AY.15 479
B;B.1;B.1.617;B.1.617.2;AY.18 107
B;B.1;B.1.1;B.1.1.399 11
B;B.1;B.1.1;B.1.1.176 2267
B;B.1;B.1.1;B.1.1.464;AW.1 334
B;B.1;B.1.36;B.1.36.26 368
B;B.1;B.1.443 214
B;B.1;B.1.478 94
B;B.1;B.1.404 767
B;B.1;B.1.239 785
B;B.1;B.1.232 1905
B;B.1;B.1.396 1451
B;B.1;B.1.36;B.1.36.37 360
B;B.1;B.1.1;B.1.1.1;C.31 56
B;B.1;B.1.1;B.1.1.316 1086
B;B.1;B.1.618 226
B;B.1;B.1.1;B.1.1.318;AZ.1 1236
B;B.1;B.1.131 108
A;A.2;A.2.5;A.2.5.1 210
B;B.1;B.1.371 891
B;B.1;B.1.282 70
B;B.1;B.1.617;B.1.617.2;AY.9;AY.9.2;AY.9.2.1 564
B;B.1;B.1.453 310
B;B.1;B.1.575;B.1.575.1 412
B;B.1;B.1.1;B.1.1.244 67
B;B.1;B.1.573 164
B;B.1;B.1.1;B.1.1.61 115
B;B.30 68
B;B.1;B.1.1;B.1.1.157 1094
B;B.1;B.1.551 816
B;B.1;B.1.1;B.1.1.411 67
B;B.1;B.1.520 44
B;B.1;B.1.1;B.1.1.305 240
B;B.1;B.1.509 1170
B;B.1;B.1.1;B.1.1.385 295
B;B.1;B.1.181 47
B;B.1;B.1.421 137
B;B.1;B.1.240;B.1.240.2 33
B;B.1;B.1.1;B.1.1.272 195
B;B.1;B.1.1;B.1.1.335 80
B;B.1;B.1.567 340
B;B.1;B.1.1;B.1.1.417 388
B;B.1;B.1.1;B.1.1.453 118
B;B.1;B.1.1;B.1.1.121 418
B;B.1;B.1.1;B.1.1.322 123
B;B.1;B.1.1;B.1.1.291 1337
B;B.1;B.1.1;B.1.1.329 268
B;B.1;B.1.177;B.1.177.21 13065
B;B.1;B.1.203 18
B;B.1;B.1.126 808
B;B.1;B.1.1;B.1.1.518 156
B;B.1;B.1.142 345
B;B.1;B.1.284 98
B;B.43 72
B;B.1;B.1.599 272
B;B.1;B.1.1;B.1.1.226 173
B;B.1;B.1.1;B.1.1.461 85
B;B.1;B.1.3 383
B;B.1;B.1.270 178
B;B.6;B.6.3 38
B;B.3;B.3.1 606
B;B.1;B.1.162 199
B;B.1;B.1.369;B.1.369.1 37
B;B.1;B.1.1;B.1.1.486 633
B;B.1;B.1.1;B.1.1.1;C.17 16
B;B.1;B.1.1;B.1.1.487 180
B;B.1;B.1.439 168
B;B.1;B.1.589 135
B;B.1;B.1.265 792
B;B.1;B.1.1;B.1.1.10;L.1 526
B;B.1;B.1.1;B.1.1.225 137
B;B.1;B.1.346 728
B;B.1;B.1.1;B.1.1.216;AM.2 9
B;B.1;B.1.1;B.1.1.181 220
B;B.1;B.1.177;B.1.177.54 1644
B;B.1;B.1.366 204
B;B.1;B.1.323 45
B;B.1;B.1.36;B.1.36.34 60
B;B.1;B.1.1;B.1.1.485 93
B;B.1;B.1.486 10
B;B.1;B.1.354 20
B;B.1;B.1.103 52
B;B.1;B.1.578 56
B;B.1;B.1.602 165
B;B.1;B.1.601 33
B;B.1;B.1.451 120
B;B.1;B.1.1;B.1.1.315;AD.2 4559
B;B.1;B.1.505 229
B;B.1;B.1.574 452
B;B.1;B.1.280 143
B;B.1;B.1.1;B.1.1.343 47
B;B.1;B.1.1;B.1.1.265 326
B;B.1;B.1.293 80
B;B.1;B.1.139 1363
B;B.1;B.1.570 330
B;B.1;B.1.361 780
B;B.1;B.1.254 44
B;B.1;B.1.1;B.1.1.339 95
B;B.34 73
B;B.1;B.1.36;B.1.36.9 324
B;B.1;B.1.415;B.1.415.1 128
B;B.1;B.1.316 9
B;B.1;B.1.166 123
B;B.1;B.1.1;B.1.1.118 96
B;B.1;B.1.598 59
B;B.1;B.1.506 40
B;B.1;B.1.160;B.1.160.15 202
B;B.1;B.1.160;B.1.160.16;AB.1 122
B;B.1;B.1.543 100
B;B.1;B.1.417 30
B;B.1;B.1.611 25
B;B.1;B.1.160;B.1.160.21 49
B;B.1;B.1.615 25
B;B.1;B.1.1;B.1.1.317;AS.1 105
B;B.1;B.1.1;B.1.1.10;L.4 24
B;B.1;B.1.592 25
B;B.1;B.1.606 167
B;B.1;B.1.359 44
B;B.1;B.1.416;B.1.416.1 635
B;B.1;B.1.617;B.1.617.2;AY.31 95
B;B.1;B.1.305 470
B;B.1;B.1.1;B.1.1.286 344
B;B.1;B.1.1;B.1.1.138 179
B;B.1;B.1.177;B.1.177.76 405
B;B.10 124
B;B.1;B.1.177;B.1.177.49 37
B;B.1;B.1.634 295
B;B.1;B.1.1;B.1.1.381 25
B;B.1;B.1.258;B.1.258.5 115
B;B.1;B.1.1;B.1.1.324 19
B;B.1;B.1.1;B.1.1.1;C.29 21
B;B.1;B.1.1;B.1.1.180 94
B;B.1;B.1.110;B.1.110.1 10
B;B.1;B.1.1;B.1.1.33;N.2 26
B;B.1;B.1.1;B.1.1.99 41
B;B.1;B.1.1;B.1.1.363 168
B;B.1;B.1.1;B.1.1.86 48
A;A.7 20
B;B.1;B.1.420 96
B;B.1;B.1.546 292
B;B.1;B.1.1;B.1.1.388 14
B;B.1;B.1.380 162
B;B.1;B.1.127 475
B;B.1;B.1.1;B.1.1.101 97
B;B.1;B.1.633 20
B;B.1;B.1.214;B.1.214.1 37
B;B.1;B.1.273 77
B;B.1;B.1.1;B.1.1.328 63
B;B.1;B.1.1;B.1.1.516 15
B;B.1;B.1.555 45
A;A.2;A.2.4 296
B;B.1;B.1.476 12
B;B.1;B.1.177;B.1.177.83 674
B;B.1;B.1.177;B.1.177.82 2185
B;B.1;B.1.177;B.1.177.16 1508
B;B.1;B.1.177;B.1.177.41 410
B;B.1;B.1.258;B.1.258.2;G.1 85
B;B.1;B.1.258;B.1.258.22 376
B;B.1;B.1.177;B.1.177.46 1111
B;B.1;B.1.160;B.1.160.32 233
B;B.1;B.1.177;B.1.177.31 106
B;B.27 57
B;B.1;B.1.22;B.1.22.1 33
B;B.1;B.1.1;B.1.1.13 21
B;B.1;B.1.1;B.1.1.41 165
B;B.1;B.1.1;B.1.1.230 113
B;B.1;B.1.177;B.1.177.53;W.4 742
B;B.1;B.1.177;B.1.177.6 1027
B;B.1;B.1.1;B.1.1.209 112
B;B.1;B.1.617;B.1.617.2;AY.20;AY.20.1 178
B;B.1;B.1.1;B.1.1.318;AZ.2;AZ.2.1 123
B;B.1;B.1.258;B.1.258.3 600
 31
B;B.1;B.1.258;B.1.258.12 132
B;B.1;B.1.177;B.1.177.51 220
B;B.1;B.1.617;B.1.617.2;AY.16;AY.16.1 421
B;B.1;B.1.84 49
B;B.1;B.1.507 91
B;B.1;B.1.105 106
B;B.1;B.1.118 117
B;B.1;B.1.263 27
B;B.49 20
B;B.1;B.1.358 20
B;B.1;B.1.177;B.1.177.24 767
B;B.1;B.1.613 37
B;B.1;B.1.1;B.1.1.298 1617
B;B.1;B.1.1;B.1.1.377 718
B;B.1;B.1.177;B.1.177.27 105
B;B.1;B.1.1;B.1.1.315;AD.1 244
B;B.1;B.1.1;B.1.1.1;C.30;C.30.1 149
B;B.1;B.1.221;B.1.221.3 1197
B;B.1;B.1.36;B.1.36.25 453
B;B.1;B.1.177;B.1.177.42 913
B;B.1;B.1.1;B.1.1.100 28
B;B.1;B.1.177;B.1.177.80 537
B;B.1;B.1.1;B.1.1.288 519
B;B.1;B.1.406 175
B;B.1;B.1.1;B.1.1.277;K.1 44
B;B.1;B.1.1;B.1.1.1;C.7 29
B;B.1;B.1.160;B.1.160.17 589
B;B.1;B.1.258;B.1.258.19 141
B;B.1;B.1.1;B.1.1.425 21
B;B.1;B.1.1;B.1.1.58 188
B;B.1;B.1.1;B.1.1.229 168
B;B.1;B.1.1;B.1.1.302 480
B;B.1;B.1.9;B.1.9.4 163
B;B.1;B.1.177;B.1.177.70 169
B;B.1;B.1.258;B.1.258.15 49
B;B.1;B.1.1;B.1.1.191 210
B;B.1;B.1.536 53
B;B.1;B.1.160;B.1.160.24 225
B;B.1;B.1.534 81
B;B.1;B.1.177;B.1.177.60;U.2 114
A;A.15 63
B;B.1;B.1.1;B.1.1.90 10
B;B.1;B.1.372 91
B;B.1;B.1.1;B.1.1.1;C.32 43
B;B.1;B.1.1;B.1.1.280 324
B;B.1;B.1.1;B.1.1.1;C.19 37
B;B.1;B.1.1;B.1.1.261 107
B;B.1;B.1.1;B.1.1.458 24
B;B.1;B.1.488 10
B;B.1;B.1.177;B.1.177.11 589
B;B.1;B.1.177;B.1.177.14 164
B;B.1;B.1.1;B.1.1.70;AP.1 666
B;B.1;B.1.36;B.1.36.39 450
B;B.1;B.1.362;B.1.362.2 216
B;B.1;B.1.1;B.1.1.1;C.23 176
B;B.1;B.1.177;B.1.177.64 17
B;B.1;B.1.177;B.1.177.58 751
B;B.1;B.1.1;B.1.1.39;AQ.2 9
B;B.1;B.1.1;B.1.1.224 69
B;B.1;B.1.473 50
B;B.1;B.1.36;B.1.36.20 59
B;B.1;B.1.214;B.1.214.4 110
B;B.1;B.1.1;B.1.1.346 34
B;B.1;B.1.1;B.1.1.308 85
B;B.1;B.1.258;B.1.258.10 87
B;B.1;B.1.1;B.1.1.294;M.1 47
B;B.1;B.1.463 126
B;B.1;B.1.177;B.1.177.45 2621
B;B.1;B.1.1;B.1.1.1;C.18 384
B;B.1;B.1.1;B.1.1.236 145
B;B.1;B.1.160;B.1.160.7 479
B;B.1;B.1.1;B.1.1.1;C.20 13
B;B.1;B.1.639 51
B;B.1;B.1.177;B.1.177.69 656
B;B.1;B.1.393 37
B;B.1;B.1.575;B.1.575.2 218
B;B.1;B.1.14 57
B;B.1;B.1.1;B.1.1.51 580
B;B.1;B.1.67 23
B;B.1;B.1.1;B.1.1.406 157
B;B.1;B.1.1;B.1.1.1;C.9 33
B;B.1;B.1.76 88
B;B.1;B.1.1;B.1.1.257 105
B;B.60 63
B;B.33 50
B;B.1;B.1.383 112
B;B.47 49
B;B.1;B.1.250 69
B;B.1;B.1.1;B.1.1.95 52
B;B.1;B.1.1;B.1.1.213 47
B;B.1;B.1.117 81
B;B.1;B.1.379 59
B;B.1;B.1.1;B.1.1.3 115
B;B.1;B.1.1;B.1.1.48 354
B;B.1;B.1.198 14
B;B.1;B.1.1;B.1.1.134 102
B;B.1;B.1.44 119
B;B.1;B.1.1;B.1.1.15 73
B;B.1;B.1.1;B.1.1.386 19
B;B.1;B.1.1;B.1.1.1;C.27 54
B;B.1;B.1.1;B.1.1.115 113
B;B.1;B.1.1;B.1.1.4 337
B;B.1;B.1.177;B.1.177.17 1218
B;B.1;B.1.177;B.1.177.19 699
B;B.1;B.1.36;B.1.36.28 174
B;B.1;B.1.177;B.1.177.18 863
B;B.1;B.1.1;B.1.1.196 174
B;B.1;B.1.258;B.1.258.4 290
B;B.1;B.1.36;B.1.36.12 105
B;B.1;B.1.177;B.1.177.53;W.3 187
B;B.1;B.1.177;B.1.177.20 659
B;B.1;B.1.160;B.1.160.23 207
B;B.1;B.1.177;B.1.177.30 397
B;B.1;B.1.177;B.1.177.25 67
B;B.1;B.1.1;B.1.1.255 329
B;B.1;B.1.1;B.1.1.405;AC.1 28
B;B.1;B.1.177;B.1.177.5 804
B;B.1;B.1.610 280
B;B.1;B.1.326 130
B;B.1;B.1.515 67
B;B.1;B.1.36;B.1.36.21 462
B;B.1;B.1.177;B.1.177.9 727
B;B.1;B.1.177;B.1.177.47 77
B;B.1;B.1.258;B.1.258.7 523
B;B.1;B.1.177;B.1.177.63 362
B;B.1;B.1.177;B.1.177.55 430
B;B.1;B.1.177;B.1.177.52;Y.1 78
B;B.1;B.1.1;B.1.1.317;AS.2 64
B;B.1;B.1.177;B.1.177.60;U.1 78
B;B.1;B.1.531 13
B;B.1;B.1.1;B.1.1.67 242
B;B.1;B.1.460 60
B;B.1;B.1.1;B.1.1.182 12
B;B.1;B.1.177;B.1.177.54;V.1 46
XA 45
B;B.1;B.1.617;B.1.617.3 344
B;B.1;B.1.1;B.1.1.318;AZ.4 298
B;B.1;B.1.81 47
B;B.1;B.1.617;B.1.617.2;AY.17 95
B;B.1;B.1.1;B.1.1.145 22
B;B.1;B.1.1;B.1.1.1;C.3 131
B;B.1;B.1.1;B.1.1.125 98
B;B.1;B.1.1;B.1.1.154 25
B;B.1;B.1.1;B.1.1.256 73
B;B.1;B.1.491 19
B;B.1;B.1.1;B.1.1.299 79
B;B.1;B.1.1;B.1.1.217 322
B;B.1;B.1.1;B.1.1.120 30
B;B.1;B.1.1;B.1.1.92 30
B;B.1;B.1.1;B.1.1.300 90
B;B.1;B.1.238 67
B;B.1;B.1.1;B.1.1.227 230
B;B.1;B.1.1;B.1.1.253 397
B;B.1;B.1.1;B.1.1.303 365
B;B.1;B.1.1;B.1.1.123 56
B;B.1;B.1.1;B.1.1.365 179
B;B.1;B.1.249 13
B;B.1;B.1.1;B.1.1.270 97
B;B.1;B.1.1;B.1.1.178 24
B;B.1;B.1.1;B.1.1.55 77
B;B.1;B.1.77 22
B;B.1;B.1.1;B.1.1.155 14
B;B.1;B.1.251 46
B;B.1;B.1.1;B.1.1.149 61
B;B.1;B.1.1;B.1.1.109 25
B;B.18 24
B;B.1;B.1.1;B.1.1.361 21
B;B.1;B.1.1;B.1.1.147 12
B;B.1;B.1.1;B.1.1.168 40
B;B.1;B.1.235 399
B;B.1;B.1.258;B.1.258.2 222
B;B.1;B.1.1;B.1.1.107 31
B;B.1;B.1.1;B.1.1.237 177
B;B.1;B.1.1;B.1.1.370 65
A;A.26 13
B;B.1;B.1.1;B.1.1.197 26
B;B.1;B.1.1;B.1.1.262 65
B;B.1;B.1.1;B.1.1.228 314
B;B.1;B.1.1;B.1.1.165 65
B;B.1;B.1.532 161
B;B.1;B.1.1;B.1.1.310 66
B;B.1;B.1.177;B.1.177.65 1497
B;B.1;B.1.1;B.1.1.309 177
B;B.1;B.1.1;B.1.1.341 17
B;B.1;B.1.1;B.1.1.232;AK.1 79
B;B.1;B.1.165 84
B;B.45 261
B;B.1;B.1.1;B.1.1.166 28
B;B.1;B.1.362;B.1.362.1 15
B;B.1;B.1.177;B.1.177.3 119
B;B.1;B.1.177;B.1.177.50;Z.1 313
B;B.1;B.1.1;B.1.1.294;M.3 13
B;B.1;B.1.160;B.1.160.10 123
B;B.1;B.1.177;B.1.177.85 182
B;B.1;B.1.177;B.1.177.26 142
B;B.1;B.1.549 219
B;B.1;B.1.1;B.1.1.130 65
B;B.1;B.1.1;B.1.1.34 77
B;B.1;B.1.428;B.1.428.2 31
B;B.1;B.1.177;B.1.177.15;AA.5 62
B;B.1;B.1.36;B.1.36.2 90
B;B.1;B.1.1;B.1.1.241;AH.3 263
B;B.1;B.1.97 40
B;B.1;B.1.1;B.1.1.408 36
A;A.2;A.2.3 208
B;B.1;B.1.177;B.1.177.15;AA.6 63
B;B.1;B.1.229 102
B;B.1;B.1.1;B.1.1.289 480
B;B.1;B.1.35 119
B;B.1;B.1.1;B.1.1.304 429
B;B.1;B.1.1;B.1.1.43 67
B;B.1;B.1.1;B.1.1.379 32
B;B.1;B.1.1;B.1.1.391 117
B;B.1;B.1.208 24
B;B.1;B.1.221;B.1.221.2 249
B;B.1;B.1.177;B.1.177.15;AA.8 45
B;B.1;B.1.177;B.1.177.29 20
B;B.1;B.1.1;B.1.1.294;M.2 14
B;B.1;B.1.177;B.1.177.60;U.3 257
B;B.1;B.1.1;B.1.1.396 23
B;B.1;B.1.115 40
B;B.1;B.1.1;B.1.1.421 33
B;B.1;B.1.1;B.1.1.201 43
B;B.1;B.1.1;B.1.1.38 17
B;B.1;B.1.1;B.1.1.306;AE.5 47
B;B.1;B.1.504 30
B;B.1;B.1.377 221
B;B.1;B.1.1;B.1.1.216;AM.3 30
B;B.1;B.1.1;B.1.1.193 13
A;A.12 6
B;B.1;B.1.177;B.1.177.61 23
B;B.1;B.1.110;B.1.110.2 6
B;B.1;B.1.489 27
B;B.1;B.1.1;B.1.1.366 62
B;B.1;B.1.248 34
B;B.1;B.1.9;B.1.9.1 31
B;B.1;B.1.1;B.1.1.482 42
B;B.1;B.1.1;B.1.1.7;Q.2 1643
B;B.1;B.1.1;B.1.1.529 4
B;B.1;B.1.1;B.1.1.296 55
B;B.1;B.1.231 31
B;B.1;B.1.1;B.1.1.380 102
B;B.1;B.1.1;B.1.1.410 28
B;B.1;B.1.350;B.1.350.1 7
B;B.1;B.1.390 104
B;B.1;B.1.1;B.1.1.217;S.1 202
B;B.1;B.1.467 27
B;B.1;B.1.180 20
B;B.1;B.1.1;B.1.1.364 16
B;B.1;B.1.1;B.1.1.111 102
B;B.1;B.1.160;B.1.160.12 156
B;B.1;B.1.1;B.1.1.216;AM.1 9
B;B.1;B.1.1;B.1.1.395 18
B;B.1;B.1.215 104
B;B.1;B.1.540 118
B;B.1;B.1.1;B.1.1.172 56
B;B.1;B.1.182 138
B;B.1;B.1.177;B.1.177.54;V.2 32
B;B.1;B.1.1;B.1.1.526 156
B;B.1;B.1.381 131
B;B.1;B.1.617;B.1.617.2;AY.81 542
B;B.1;B.1.1;B.1.1.242 24
B;B.1;B.1.1;B.1.1.447 28
B;B.1;B.1.607 19
B;B.41 124
B;B.1;B.1.1;B.1.1.82 28
B;B.1;B.1.177;B.1.177.15;AA.7 109
B;B.1;B.1.192 108
B;B.1;B.1.1;B.1.1.446 13
B;B.1;B.1.402 145
B;B.1;B.1.267 53
B;B.1;B.1.1;B.1.1.39;AQ.1 14
B;B.1;B.1.158 21
B;B.1;B.1.490 10
B;B.1;B.1.1;B.1.1.515 75
B;B.1;B.1.448 387
B;B.1;B.1.1;B.1.1.110 11
B;B.1;B.1.1;B.1.1.152 25
B;B.1;B.1.1;B.1.1.407 25
B;B.1;B.1.1;B.1.1.524 52
B;B.1;B.1.1;B.1.1.241;AH.1 10
B;B.1;B.1.258;B.1.258.24 94
B;B.1;B.1.632 135
B;B.1;B.1.533 96
B;B.1;B.1.1;B.1.1.435 29
B;B.1;B.1.1;B.1.1.336 59
B;B.1;B.1.1;B.1.1.1;C.36;C.36.2 77
B;B.1;B.1.1;B.1.1.241;AH.2 83
B;B.1;B.1.387 25
B;B.1;B.1.160;B.1.160.18 138
B;B.1;B.1.160;B.1.160.29 238
A;A.17 12
B;B.1;B.1.616 44
B;B.1;B.1.177;B.1.177.78 105
B;B.1;B.1.177;B.1.177.71 99
B;B.1;B.1.160;B.1.160.19 39
B;B.1;B.1.529 21
B;B.1;B.1.590 217
B;B.1;B.1.1;B.1.1.210 187
B;B.1;B.1.511 29
B;B.1;B.1.1;B.1.1.362 180
B;B.1;B.1.1;B.1.1.466 56
B;B.1;B.1.292 17
B;B.1;B.1.1;B.1.1.445 28
B;B.1;B.1.475 8
B;B.1;B.1.1;B.1.1.338 59
B;B.1;B.1.1;B.1.1.258 318
B;B.1;B.1.1;B.1.1.98 50
B;B.1;B.1.1;B.1.1.384 42
B;B.1;B.1.1;B.1.1.506 27
B;B.1;B.1.437 51
B;B.1;B.1.1;B.1.1.282 95
B;B.1;B.1.425 336
B;B.1;B.1.445 85
B;B.1;B.1.1;B.1.1.297;AG.1 15
B;B.1;B.1.466;B.1.466.2;AU.2 443
B;B.1;B.1.1;B.1.1.405 14
B;B.1;B.1.160;B.1.160.13 30
B;B.1;B.1.586 91
B;B.50 11
A;A.9 22
B;B.1;B.1.1;B.1.1.232;AK.2 22
B;B.1;B.1.329 1649
B;B.1;B.1.579 91
B;B.1;B.1.1;B.1.1.430 20
B;B.1;B.1.545 25
B;B.1;B.1.160;B.1.160.11 175
B;B.1;B.1.401 122
B;B.1;B.1.1;B.1.1.239 35
B;B.1;B.1.548 33
B;B.1;B.1.1;B.1.1.240;AJ.1 21
B;B.1;B.1.177;B.1.177.28 139
B;B.1;B.1.496 9
B;B.1;B.1.450 95
B;B.1;B.1.1;B.1.1.285 154
B;B.1;B.1.622 78
B;B.1;B.1.1;B.1.1.330 18
B;B.1;B.1.36;B.1.36.27 1133
B;B.42 30
A;A.22 15
B;B.1;B.1.595;B.1.595.1 171
B;B.1;B.1.1;B.1.1.350 16
B;B.1;B.1.1;B.1.1.87 15
B;B.1;B.1.1;B.1.1.17 60
B;B.1;B.1.399 478
B;B.1;B.1.1;B.1.1.185 13
B;B.1;B.1.537 55
B;B.1;B.1.184 18
B;B.1;B.1.492 148
B;B.1;B.1.497 3133
B;B.1;B.1.1;B.1.1.57 88
B;B.1;B.1.145 19
B;B.1;B.1.1;B.1.1.414 7
B;B.1;B.1.1;B.1.1.306;AE.3 32
B;B.1;B.1.1;B.1.1.53 92
B;B.1;B.1.348 61
B;B.1;B.1.617 1
B;B.1;B.1.1;B.1.1.116 20
B;B.1;B.1.1;B.1.1.340 23
B;B.1;B.1.1;B.1.1.148 86
B;B.1;B.1.1;B.1.1.56 27
B;B.1;B.1.168 41
B;B.1;B.1.605 169
B;B.1;B.1.400;B.1.400.1 66
B;B.1;B.1.458 9
B;B.1;B.1.1;B.1.1.440 85
B;B.1;B.1.1;B.1.1.88 20
B;B.56 35
B;B.1;B.1.542 32
B;B.1;B.1.428;B.1.428.1 30
B;B.1;B.1.177;B.1.177.68 65
B;B.1;B.1.177;B.1.177.66 24
B;B.1;B.1.1;B.1.1.267 92
B;B.1;B.1.1;B.1.1.184 50
B;B.1;B.1.1;B.1.1.25;D.4 15
B;B.1;B.1.310 24
B;B.1;B.1.205 40
B;B.1;B.1.1;B.1.1.7;Q.5 33
B;B.1;B.1.177;B.1.177.88 83
B;B.1;B.1.69 28
B;B.1;B.1.177;B.1.177.36 64
B;B.1;B.1.1;B.1.1.202 12
B;B.1;B.1.134 184
B;B.1;B.1.1;B.1.1.400 20
B;B.1;B.1.617;B.1.617.2;AY.75;AY.75.3 459
B;B.1;B.1.1;B.1.1.465 64
B;B.12 157
A;A.16 62
B;B.1;B.1.1;B.1.1.283 43
B;B.1;B.1.1;B.1.1.1;C.13 39
B;B.1;B.1.1;B.1.1.205 269
B;B.1;B.1.554 99
B;B.1;B.1.1;B.1.1.337 276
B;B.1;B.1.1;B.1.1.277;K.2 26
B;B.1;B.1.612 403
B;B.1;B.1.1;B.1.1.517 144
B;B.1;B.1.1;B.1.1.1;C.33 17
B;B.1;B.1.1;B.1.1.26 191
B;B.1;B.1.1;B.1.1.452 11
B;B.1;B.1.1;B.1.1.484 10
B;B.4;B.4.1 27
B;B.1;B.1.1;B.1.1.33;N.8 33
B;B.1;B.1.593 99
B;B.1;B.1.302 75
B;B.1;B.1.1;B.1.1.30 13
B;B.1;B.1.1;B.1.1.315;AD.2;AD.2.1 22
B;B.1;B.1.1;B.1.1.1;C.5 11
B;B.6;B.6.2 16
B;B.1;B.1.160;B.1.160.27 66
B;B.1;B.1.438;B.1.438.2 53
B;B.1;B.1.1;B.1.1.512 34
B;B.1;B.1.245 33
B;B.1;B.1.1;B.1.1.93 40
B;B.1;B.1.1;B.1.1.334 63
B;B.1;B.1.243;B.1.243.2 106
B;B.1;B.1.1;B.1.1.28;P.1;P.1.10;P.1.10.2 24
B;B.1;B.1.1;B.1.1.91 7
B;B.1;B.1.243;B.1.243.1 38
B;B.1;B.1.1;B.1.1.1;C.40 37
B;B.1;B.1.1;B.1.1.129 36
B;B.1;B.1.528 21
B;B.1;B.1.1;B.1.1.1;C.1;C.1.1 13
B;B.1;B.1.140 51
B;B.1;B.1.1;B.1.1.112 16
B;B.1;B.1.96 63
B;B.1;B.1.177;B.1.177.34 14
B;B.1;B.1.258;B.1.258.18 10
B;B.1;B.1.1;B.1.1.1;C.12 139
B;B.1;B.1.334 59
B;B.1;B.1.187 31
B;B.1;B.1.124 130
B;B.1;B.1.557 20
B;B.1;B.1.1;B.1.1.160 12
B;B.1;B.1.1;B.1.1.119 29
B;B.1;B.1.1;B.1.1.132 67
B;B.1;B.1.385 95
B;B.1;B.1.1;B.1.1.451 26
B;B.1;B.1.242 51
B;B.1;B.1.1;B.1.1.277;K.3 162
B;B.1;B.1.1;B.1.1.424 23
B;B.1;B.1.1;B.1.1.1;C.4 99
B;B.1;B.1.1;B.1.1.158 85
B;B.1;B.1.1;B.1.1.1;C.25 8
B;B.1;B.1.424 121
B;B.1;B.1.337 178
B;B.1;B.1.1;B.1.1.1;C.10 4
B;B.44 10
B;B.1;B.1.1;B.1.1.394 41
B;B.1;B.1.1;B.1.1.467 52
B;B.1;B.1.518 87
B;B.1;B.1.588;B.1.588.1 26
B;B.1;B.1.1;B.1.1.31 15
B;B.1;B.1.1;B.1.1.481 14
B;B.1;B.1.1;B.1.1.290 55
B;B.1;B.1.1;B.1.1.427 18
B;B.1;B.1.1;B.1.1.127 16
B;B.1;B.1.1;B.1.1.251 84
B;B.1;B.1.70 38
B;B.1;B.1.559 41
B;B.1;B.1.256 58
B;B.1;B.1.1;B.1.1.14 58
B;B.1;B.1.40 51
B;B.1;B.1.446 48
B;B.1;B.1.418 63
B;B.1;B.1.431 25
B;B.6;B.6.4 22
A;A.24 14
B;B.1;B.1.1;B.1.1.40 29
B;B.1;B.1.1;B.1.1.459 66
B;B.1;B.1.1;B.1.1.84 11
B;B.1;B.1.1;B.1.1.62 37
B;B.1;B.1.1;B.1.1.456 18
B;B.1;B.1.1;B.1.1.1;C.6 23
B;B.1;B.1.1;B.1.1.444 5
B;B.1;B.1.1;B.1.1.507 37
B;B.1;B.1.638 13
B;B.1;B.1.1;B.1.1.52 82
B;B.1;B.1.485 65
B;B.1;B.1.340 242
B;B.1;B.1.566 50
B;B.1;B.1.330 30
B;B.1;B.1.1;B.1.1.1;C.21 7
B;B.1;B.1.325 151
B;B.1;B.1.227 21
B;B.1;B.1.594 32
B;B.1;B.1.614 8
B;B.1;B.1.342 8
B;B.1;B.1.1;B.1.1.352 34
B;B.1;B.1.177;B.1.177.89 41
B;B.1;B.1.1;B.1.1.327 7
B;B.1;B.1.233 72
B;B.1;B.1.423 99
B;B.1;B.1.1;B.1.1.72 30
B;B.1;B.1.1;B.1.1.139 46
B;B.1;B.1.38 31
B;B.1;B.1.119 94
B;B.1;B.1.116 85
B;B.1;B.1.429;B.1.429.1 83
B;B.1;B.1.1;B.1.1.316;R.2 70
B;B.1;B.1.550 71
B;B.1;B.1.1;B.1.1.437 93
B;B.1;B.1.306 188
B;B.1;B.1.1;B.1.1.320 52
B;B.1;B.1.1;B.1.1.441 19
B;B.1;B.1.591 99
B;B.1;B.1.569 67
B;B.1;B.1.37 68
B;B.1;B.1.289 379
B;B.1;B.1.516 509
B;B.1;B.1.595;B.1.595.2 25
B;B.1;B.1.1;B.1.1.480 39
B;B.1;B.1.301 169
B;B.1;B.1.435 91
B;B.1;B.1.438;B.1.438.4 52
B;B.1;B.1.315 165
B;B.1;B.1.363 78
B;B.1;B.1.370 125
B;B.1;B.1.403 305
B;B.1;B.1.436 983
B;B.1;B.1.1;B.1.1.177 53
B;B.1;B.1.318 26
B;B.1;B.1.1;B.1.1.1;C.28 36
B;B.1;B.1.1;B.1.1.358 30
B;B.1;B.1.494 32
B;B.1;B.1.268 95
B;B.1;B.1.163 41
B;B.1;B.1.1;B.1.1.514 19
B;B.1;B.1.539 61
B;B.1;B.1.585 34
B;B.1;B.1.438;B.1.438.3 13
B;B.1;B.1.357 106
B;B.1;B.1.508 39
B;B.1;B.1.309 21
B;B.20 43
B;B.1;B.1.1;B.1.1.463 16
B;B.19 27
B;B.46 50
B;B.1;B.1.1;B.1.1.423 16
B;B.1;B.1.1;B.1.1.450 29
B;B.1;B.1.258;B.1.258.23 42
B;B.1;B.1.161 57
B;B.1;B.1.344 123
B;B.1;B.1.444 64
B;B.1;B.1.571 107
B;B.1;B.1.1;B.1.1.268 68
B;B.1;B.1.112 193
B;B.1;B.1.595;B.1.595.3 38
B;B.1;B.1.276 44
B;B.1;B.1.493 37
B;B.1;B.1.502 19
B;B.1;B.1.499;B.1.499.1 6
B;B.1;B.1.487 57
B;B.1;B.1.595;B.1.595.4 137
B;B.1;B.1.1;B.1.1.426 31
B;B.1;B.1.1;B.1.1.392 19
B;B.1;B.1.304 44
B;B.1;B.1.294 31
B;B.1;B.1.194 26
B;B.1;B.1.1;B.1.1.357 8
B;B.1;B.1.479 25
B;B.1;B.1.442 26
B;B.1;B.1.328 30
B;B.51 21
B;B.1;B.1.1;B.1.1.345 23
B;B.1;B.1.501 139
B;B.1;B.1.287 33
B;B.1;B.1.495 110
B;B.1;B.1.500 11
B;B.1;B.1.1;B.1.1.513 81
B;B.1;B.1.1;B.1.1.367 18
B;B.1;B.1.572 39
B;B.1;B.1.1;B.1.1.342 16
B;B.1;B.1.285 10
B;B.1;B.1.106 32
B;B.1;B.1.9;B.1.9.2 10
B;B.1;B.1.341 43
B;B.1;B.1.169 69
B;B.1;B.1.483 9
B;B.13 21
B;B.1;B.1.177;B.1.177.15;AA.2 130
B;B.1;B.1.177;B.1.177.15;AA.4 111
B;B.1;B.1.1;B.1.1.29 97
B;B.1;B.1.177;B.1.177.15;AA.3 37
B;B.1;B.1.120 130
B;B.1;B.1.1;B.1.1.49 57
B;B.1;B.1.1;B.1.1.249 14
B;B.1;B.1.1;B.1.1.360 32
B;B.1;B.1.1;B.1.1.114 15
